<?xml version="1.0" encoding="UTF-8"?>
<GenRun Id="synth_1" LaunchPart="xc7a100tcsg324-1" LaunchTime="1544866132">
  <File Type="RDS-PROPCONSTRS" Name="CPU_Unity_drc_synth.rpt"/>
  <File Type="PA-TCL" Name="CPU_Unity.tcl"/>
  <File Type="RDS-RDS" Name="CPU_Unity.vds"/>
  <File Type="RDS-UTIL" Name="CPU_Unity_utilization_synth.rpt"/>
  <File Type="RDS-UTIL-PB" Name="CPU_Unity_utilization_synth.pb"/>
  <File Type="RDS-DCP" Name="CPU_Unity.dcp"/>
  <File Type="VDS-TIMINGSUMMARY" Name="CPU_Unity_timing_summary_synth.rpt"/>
  <File Type="VDS-TIMING-PB" Name="CPU_Unity_timing_summary_synth.pb"/>
  <FileSet Name="sources" Type="DesignSrcs" RelSrcDir="$PSRCDIR/sources_1">
    <Filter Type="Srcs"/>
    <File Path="$PSRCDIR/sources_1/new/rf.v">
      <FileInfo>
        <Attr Name="ImportPath" Val="$PPRDIR/../../../../Cpu.srcs/sources_1/new/rf.v"/>
        <Attr Name="ImportTime" Val="1544788337"/>
        <Attr Name="UsedIn" Val="synthesis"/>
        <Attr Name="UsedIn" Val="implementation"/>
        <Attr Name="UsedIn" Val="simulation"/>
      </FileInfo>
    </File>
    <File Path="$PSRCDIR/sources_1/new/register.v">
      <FileInfo>
        <Attr Name="ImportPath" Val="$PPRDIR/../../../../Cpu.srcs/sources_1/new/register.v"/>
        <Attr Name="ImportTime" Val="1544789192"/>
        <Attr Name="UsedIn" Val="synthesis"/>
        <Attr Name="UsedIn" Val="implementation"/>
        <Attr Name="UsedIn" Val="simulation"/>
      </FileInfo>
    </File>
    <File Path="$PSRCDIR/sources_1/new/mux21.v">
      <FileInfo>
        <Attr Name="ImportPath" Val="$PPRDIR/../../../../Cpu.srcs/sources_1/new/mux21.v"/>
        <Attr Name="ImportTime" Val="1544789110"/>
        <Attr Name="UsedIn" Val="synthesis"/>
        <Attr Name="UsedIn" Val="implementation"/>
        <Attr Name="UsedIn" Val="simulation"/>
      </FileInfo>
    </File>
    <File Path="$PSRCDIR/sources_1/new/alu.v">
      <FileInfo>
        <Attr Name="ImportPath" Val="$PPRDIR/../../../../Cpu.srcs/sources_1/new/alu.v"/>
        <Attr Name="ImportTime" Val="1544789025"/>
        <Attr Name="UsedIn" Val="synthesis"/>
        <Attr Name="UsedIn" Val="implementation"/>
        <Attr Name="UsedIn" Val="simulation"/>
      </FileInfo>
    </File>
    <File Path="$PSRCDIR/sources_1/new/dp.v">
      <FileInfo>
        <Attr Name="ImportPath" Val="$PPRDIR/../../../../Cpu.srcs/sources_1/new/dp.v"/>
        <Attr Name="ImportTime" Val="1544864583"/>
        <Attr Name="UsedIn" Val="synthesis"/>
        <Attr Name="UsedIn" Val="implementation"/>
        <Attr Name="UsedIn" Val="simulation"/>
      </FileInfo>
    </File>
    <File Path="$PSRCDIR/sources_1/new/ctrl.v">
      <FileInfo>
        <Attr Name="ImportPath" Val="$PPRDIR/../../../../Cpu.srcs/sources_1/new/ctrl.v"/>
        <Attr Name="ImportTime" Val="1544866128"/>
        <Attr Name="UsedIn" Val="synthesis"/>
        <Attr Name="UsedIn" Val="implementation"/>
        <Attr Name="UsedIn" Val="simulation"/>
      </FileInfo>
    </File>
    <File Path="$PSRCDIR/sources_1/new/BCD.v">
      <FileInfo>
        <Attr Name="ImportPath" Val="$PPRDIR/../../../../Cpu.srcs/sources_1/new/BCD.v"/>
        <Attr Name="ImportTime" Val="1544756926"/>
        <Attr Name="UsedIn" Val="synthesis"/>
        <Attr Name="UsedIn" Val="implementation"/>
        <Attr Name="UsedIn" Val="simulation"/>
      </FileInfo>
    </File>
    <File Path="$PSRCDIR/sources_1/new/rom.v">
      <FileInfo>
        <Attr Name="ImportPath" Val="$PPRDIR/../../../../Cpu.srcs/sources_1/new/rom.v"/>
        <Attr Name="ImportTime" Val="1544865814"/>
        <Attr Name="UsedIn" Val="synthesis"/>
        <Attr Name="UsedIn" Val="implementation"/>
        <Attr Name="UsedIn" Val="simulation"/>
      </FileInfo>
    </File>
    <File Path="$PSRCDIR/sources_1/new/ram.v">
      <FileInfo>
        <Attr Name="ImportPath" Val="$PPRDIR/../../../../Cpu.srcs/sources_1/new/ram.v"/>
        <Attr Name="ImportTime" Val="1544755451"/>
        <Attr Name="UsedIn" Val="synthesis"/>
        <Attr Name="UsedIn" Val="implementation"/>
        <Attr Name="UsedIn" Val="simulation"/>
      </FileInfo>
    </File>
    <File Path="$PSRCDIR/sources_1/new/cpu.v">
      <FileInfo>
        <Attr Name="ImportPath" Val="$PPRDIR/../../../../Cpu.srcs/sources_1/new/cpu.v"/>
        <Attr Name="ImportTime" Val="1544864596"/>
        <Attr Name="UsedIn" Val="synthesis"/>
        <Attr Name="UsedIn" Val="implementation"/>
        <Attr Name="UsedIn" Val="simulation"/>
      </FileInfo>
    </File>
    <File Path="$PSRCDIR/sources_1/new/BCD_16binary.v">
      <FileInfo>
        <Attr Name="ImportPath" Val="$PPRDIR/../../../../Cpu.srcs/sources_1/new/BCD_16binary.v"/>
        <Attr Name="ImportTime" Val="1544757001"/>
        <Attr Name="UsedIn" Val="synthesis"/>
        <Attr Name="UsedIn" Val="implementation"/>
        <Attr Name="UsedIn" Val="simulation"/>
      </FileInfo>
    </File>
    <File Path="$PSRCDIR/sources_1/new/100mhz_1hz.v">
      <FileInfo>
        <Attr Name="ImportPath" Val="$PPRDIR/../../../../Cpu.srcs/sources_1/new/100mhz_1hz.v"/>
        <Attr Name="ImportTime" Val="1544702063"/>
        <Attr Name="UsedIn" Val="synthesis"/>
        <Attr Name="UsedIn" Val="implementation"/>
        <Attr Name="UsedIn" Val="simulation"/>
      </FileInfo>
    </File>
    <File Path="$PSRCDIR/sources_1/new/Display.v">
      <FileInfo>
        <Attr Name="ImportPath" Val="$PPRDIR/../../../../Cpu.srcs/sources_1/new/Display.v"/>
        <Attr Name="ImportTime" Val="1544756893"/>
        <Attr Name="UsedIn" Val="synthesis"/>
        <Attr Name="UsedIn" Val="implementation"/>
        <Attr Name="UsedIn" Val="simulation"/>
      </FileInfo>
    </File>
    <File Path="$PSRCDIR/sources_1/new/1.v">
      <FileInfo>
        <Attr Name="ImportPath" Val="$PPRDIR/../../../../Cpu.srcs/sources_1/new/1.v"/>
        <Attr Name="ImportTime" Val="1544758738"/>
        <Attr Name="UsedIn" Val="synthesis"/>
        <Attr Name="UsedIn" Val="implementation"/>
        <Attr Name="UsedIn" Val="simulation"/>
      </FileInfo>
    </File>
    <File Path="$PSRCDIR/sources_1/new/mux_16_1.v">
      <FileInfo>
        <Attr Name="ImportPath" Val="$PPRDIR/../../../../Cpu.srcs/sources_1/new/mux_16_1.v"/>
        <Attr Name="ImportTime" Val="1544864549"/>
        <Attr Name="UsedIn" Val="synthesis"/>
        <Attr Name="UsedIn" Val="implementation"/>
        <Attr Name="UsedIn" Val="simulation"/>
      </FileInfo>
    </File>
    <File Path="$PSRCDIR/sources_1/new/CPU_Unity.v">
      <FileInfo>
        <Attr Name="ImportPath" Val="$PPRDIR/../../../../Cpu.srcs/sources_1/new/CPU_Unity.v"/>
        <Attr Name="ImportTime" Val="1544864519"/>
        <Attr Name="UsedIn" Val="synthesis"/>
        <Attr Name="UsedIn" Val="implementation"/>
        <Attr Name="UsedIn" Val="simulation"/>
      </FileInfo>
    </File>
    <Config>
      <Option Name="DesignMode" Val="RTL"/>
      <Option Name="TopModule" Val="CPU_Unity"/>
      <Option Name="TopAutoSet" Val="TRUE"/>
    </Config>
  </FileSet>
  <FileSet Name="constrs_in" Type="Constrs" RelSrcDir="$PSRCDIR/constrs_1">
    <Filter Type="Constrs"/>
    <File Path="$PPRDIR/../../../../Nexys4DDR_Master.xdc">
      <FileInfo>
        <Attr Name="UsedIn" Val="synthesis"/>
        <Attr Name="UsedIn" Val="implementation"/>
      </FileInfo>
    </File>
    <Config>
      <Option Name="ConstrsType" Val="XDC"/>
    </Config>
  </FileSet>
  <Strategy Version="1" Minor="2">
    <StratHandle Name="Vivado Synthesis Defaults" Flow="Vivado Synthesis 2016"/>
    <Step Id="synth_design"/>
  </Strategy>
  <BlockFileSet Type="BlockSrcs" Name="clk_wiz_0"/>
</GenRun>
