<?xml version="1.0" encoding="UTF-8"?>
<GenRun Id="impl_1" LaunchPart="xc7a100tcsg324-1" LaunchTime="1544866132">
  <File Type="OPT-DCP" Name="CPU_Unity_opt.dcp"/>
  <File Type="ROUTE-STATUS-PB" Name="CPU_Unity_route_status.pb"/>
  <File Type="PA-TCL" Name="CPU_Unity.tcl"/>
  <File Type="RDI-RDI" Name="CPU_Unity.vdi"/>
  <File Type="PWROPT-DRC" Name="CPU_Unity_drc_pwropted.rpt"/>
  <File Type="OPT-METHODOLOGY-DRC" Name="CPU_Unity_methodology_drc_opted.rpt"/>
  <File Type="INIT-TIMING" Name="CPU_Unity_timing_summary_init.rpt"/>
  <File Type="OPT-DRC" Name="CPU_Unity_drc_opted.rpt"/>
  <File Type="PWROPT-DCP" Name="CPU_Unity_pwropt.dcp"/>
  <File Type="OPT-HWDEF" Name="CPU_Unity.hwdef"/>
  <File Type="OPT-TIMING" Name="CPU_Unity_timing_summary_opted.rpt"/>
  <File Type="PWROPT-TIMING" Name="CPU_Unity_timing_summary_pwropted.rpt"/>
  <File Type="PLACE-DCP" Name="CPU_Unity_placed.dcp"/>
  <File Type="PLACE-IO" Name="CPU_Unity_io_placed.rpt"/>
  <File Type="PLACE-CLK" Name="CPU_Unity_clock_utilization_placed.rpt"/>
  <File Type="PLACE-UTIL" Name="CPU_Unity_utilization_placed.rpt"/>
  <File Type="PLACE-UTIL-PB" Name="CPU_Unity_utilization_placed.pb"/>
  <File Type="PLACE-CTRL" Name="CPU_Unity_control_sets_placed.rpt"/>
  <File Type="PLACE-SIMILARITY" Name="CPU_Unity_incremental_reuse_placed.rpt"/>
  <File Type="PLACE-PRE-SIMILARITY" Name="CPU_Unity_incremental_reuse_pre_placed.rpt"/>
  <File Type="PLACE-TIMING" Name="CPU_Unity_timing_summary_placed.rpt"/>
  <File Type="POSTPLACE-PWROPT-DCP" Name="CPU_Unity_postplace_pwropt.dcp"/>
  <File Type="POSTPLACE-PWROPT-TIMING" Name="CPU_Unity_timing_summary_postplace_pwropted.rpt"/>
  <File Type="PHYSOPT-DCP" Name="CPU_Unity_physopt.dcp"/>
  <File Type="PHYSOPT-DRC" Name="CPU_Unity_drc_physopted.rpt"/>
  <File Type="PHYSOPT-TIMING" Name="CPU_Unity_timing_summary_physopted.rpt"/>
  <File Type="ROUTE-DCP" Name="CPU_Unity_routed.dcp"/>
  <File Type="ROUTE-BLACKBOX-DCP" Name="CPU_Unity_routed_bb.dcp"/>
  <File Type="ROUTE-DRC" Name="CPU_Unity_drc_routed.rpt"/>
  <File Type="ROUTE-DRC-PB" Name="CPU_Unity_drc_routed.pb"/>
  <File Type="ROUTE-METHODOLOGY-DRC" Name="CPU_Unity_methodology_drc_routed.rpt"/>
  <File Type="BG-BIT" Name="CPU_Unity.bit"/>
  <File Type="ROUTE-METHODOLOGY-DRC-PB" Name="CPU_Unity_methodology_drc_routed.pb"/>
  <File Type="ROUTE-PWR" Name="CPU_Unity_power_routed.rpt"/>
  <File Type="ROUTE-PWR-SUM" Name="CPU_Unity_power_summary_routed.pb"/>
  <File Type="ROUTE-PWR-RPX" Name="CPU_Unity_power_routed.rpx"/>
  <File Type="ROUTE-STATUS" Name="CPU_Unity_route_status.rpt"/>
  <File Type="ROUTE-TIMINGSUMMARY" Name="CPU_Unity_timing_summary_routed.rpt"/>
  <File Type="ROUTE-TIMING-PB" Name="CPU_Unity_timing_summary_routed.pb"/>
  <File Type="ROUTE-TIMING-RPX" Name="CPU_Unity_timing_summary_routed.rpx"/>
  <File Type="ROUTE-SIMILARITY" Name="CPU_Unity_incremental_reuse_routed.rpt"/>
  <File Type="ROUTE-CLK" Name="CPU_Unity_clock_utilization_routed.rpt"/>
  <File Type="POSTROUTE-PHYSOPT-DCP" Name="CPU_Unity_postroute_physopt.dcp"/>
  <File Type="POSTROUTE-PHYSOPT-BLACKBOX-DCP" Name="CPU_Unity_postroute_physopt_bb.dcp"/>
  <File Type="POSTROUTE-PHYSOPT-TIMING" Name="CPU_Unity_timing_summary_postroute_physopted.rpt"/>
  <File Type="POSTROUTE-PHYSOPT-TIMING-PB" Name="CPU_Unity_timing_summary_postroute_physopted.pb"/>
  <File Type="POSTROUTE-PHYSOPT-TIMING-RPX" Name="CPU_Unity_timing_summary_postroute_physopted.rpx"/>
  <File Type="BG-BIN" Name="CPU_Unity.bin"/>
  <File Type="BITSTR-MSK" Name="CPU_Unity.msk"/>
  <File Type="BITSTR-RBT" Name="CPU_Unity.rbt"/>
  <File Type="BITSTR-NKY" Name="CPU_Unity.nky"/>
  <File Type="BITSTR-BMM" Name="CPU_Unity_bd.bmm"/>
  <File Type="BITSTR-MMI" Name="CPU_Unity.mmi"/>
  <File Type="BITSTR-SYSDEF" Name="CPU_Unity.sysdef"/>
  <File Type="BG-BGN" Name="CPU_Unity.bgn"/>
  <File Type="BG-DRC" Name="CPU_Unity.drc"/>
  <File Type="WBT-USG" Name="usage_statistics_webtalk.html"/>
  <FileSet Name="sources" Type="DesignSrcs" RelSrcDir="$PSRCDIR/sources_1">
    <Filter Type="Srcs"/>
    <File Path="$PSRCDIR/sources_1/new/rf.v">
      <FileInfo>
        <Attr Name="ImportPath" Val="$PPRDIR/../../../../Cpu.srcs/sources_1/new/rf.v"/>
        <Attr Name="ImportTime" Val="1544788337"/>
        <Attr Name="UsedIn" Val="synthesis"/>
        <Attr Name="UsedIn" Val="implementation"/>
        <Attr Name="UsedIn" Val="simulation"/>
      </FileInfo>
    </File>
    <File Path="$PSRCDIR/sources_1/new/register.v">
      <FileInfo>
        <Attr Name="ImportPath" Val="$PPRDIR/../../../../Cpu.srcs/sources_1/new/register.v"/>
        <Attr Name="ImportTime" Val="1544789192"/>
        <Attr Name="UsedIn" Val="synthesis"/>
        <Attr Name="UsedIn" Val="implementation"/>
        <Attr Name="UsedIn" Val="simulation"/>
      </FileInfo>
    </File>
    <File Path="$PSRCDIR/sources_1/new/mux21.v">
      <FileInfo>
        <Attr Name="ImportPath" Val="$PPRDIR/../../../../Cpu.srcs/sources_1/new/mux21.v"/>
        <Attr Name="ImportTime" Val="1544789110"/>
        <Attr Name="UsedIn" Val="synthesis"/>
        <Attr Name="UsedIn" Val="implementation"/>
        <Attr Name="UsedIn" Val="simulation"/>
      </FileInfo>
    </File>
    <File Path="$PSRCDIR/sources_1/new/alu.v">
      <FileInfo>
        <Attr Name="ImportPath" Val="$PPRDIR/../../../../Cpu.srcs/sources_1/new/alu.v"/>
        <Attr Name="ImportTime" Val="1544789025"/>
        <Attr Name="UsedIn" Val="synthesis"/>
        <Attr Name="UsedIn" Val="implementation"/>
        <Attr Name="UsedIn" Val="simulation"/>
      </FileInfo>
    </File>
    <File Path="$PSRCDIR/sources_1/new/dp.v">
      <FileInfo>
        <Attr Name="ImportPath" Val="$PPRDIR/../../../../Cpu.srcs/sources_1/new/dp.v"/>
        <Attr Name="ImportTime" Val="1544864583"/>
        <Attr Name="UsedIn" Val="synthesis"/>
        <Attr Name="UsedIn" Val="implementation"/>
        <Attr Name="UsedIn" Val="simulation"/>
      </FileInfo>
    </File>
    <File Path="$PSRCDIR/sources_1/new/ctrl.v">
      <FileInfo>
        <Attr Name="ImportPath" Val="$PPRDIR/../../../../Cpu.srcs/sources_1/new/ctrl.v"/>
        <Attr Name="ImportTime" Val="1544866128"/>
        <Attr Name="UsedIn" Val="synthesis"/>
        <Attr Name="UsedIn" Val="implementation"/>
        <Attr Name="UsedIn" Val="simulation"/>
      </FileInfo>
    </File>
    <File Path="$PSRCDIR/sources_1/new/rom.v">
      <FileInfo>
        <Attr Name="ImportPath" Val="$PPRDIR/../../../../Cpu.srcs/sources_1/new/rom.v"/>
        <Attr Name="ImportTime" Val="1544865814"/>
        <Attr Name="UsedIn" Val="synthesis"/>
        <Attr Name="UsedIn" Val="implementation"/>
        <Attr Name="UsedIn" Val="simulation"/>
      </FileInfo>
    </File>
    <File Path="$PSRCDIR/sources_1/new/ram.v">
      <FileInfo>
        <Attr Name="ImportPath" Val="$PPRDIR/../../../../Cpu.srcs/sources_1/new/ram.v"/>
        <Attr Name="ImportTime" Val="1544755451"/>
        <Attr Name="UsedIn" Val="synthesis"/>
        <Attr Name="UsedIn" Val="implementation"/>
        <Attr Name="UsedIn" Val="simulation"/>
      </FileInfo>
    </File>
    <File Path="$PSRCDIR/sources_1/new/cpu.v">
      <FileInfo>
        <Attr Name="ImportPath" Val="$PPRDIR/../../../../Cpu.srcs/sources_1/new/cpu.v"/>
        <Attr Name="ImportTime" Val="1544864596"/>
        <Attr Name="UsedIn" Val="synthesis"/>
        <Attr Name="UsedIn" Val="implementation"/>
        <Attr Name="UsedIn" Val="simulation"/>
      </FileInfo>
    </File>
    <File Path="$PSRCDIR/sources_1/new/BCD_16binary.v">
      <FileInfo>
        <Attr Name="ImportPath" Val="$PPRDIR/../../../../Cpu.srcs/sources_1/new/BCD_16binary.v"/>
        <Attr Name="ImportTime" Val="1544757001"/>
        <Attr Name="UsedIn" Val="synthesis"/>
        <Attr Name="UsedIn" Val="implementation"/>
        <Attr Name="UsedIn" Val="simulation"/>
      </FileInfo>
    </File>
    <File Path="$PSRCDIR/sources_1/new/BCD.v">
      <FileInfo>
        <Attr Name="ImportPath" Val="$PPRDIR/../../../../Cpu.srcs/sources_1/new/BCD.v"/>
        <Attr Name="ImportTime" Val="1544756926"/>
        <Attr Name="UsedIn" Val="synthesis"/>
        <Attr Name="UsedIn" Val="implementation"/>
        <Attr Name="UsedIn" Val="simulation"/>
      </FileInfo>
    </File>
    <File Path="$PSRCDIR/sources_1/new/mux_16_1.v">
      <FileInfo>
        <Attr Name="ImportPath" Val="$PPRDIR/../../../../Cpu.srcs/sources_1/new/mux_16_1.v"/>
        <Attr Name="ImportTime" Val="1544864549"/>
        <Attr Name="UsedIn" Val="synthesis"/>
        <Attr Name="UsedIn" Val="implementation"/>
        <Attr Name="UsedIn" Val="simulation"/>
      </FileInfo>
    </File>
    <File Path="$PSRCDIR/sources_1/new/Display.v">
      <FileInfo>
        <Attr Name="ImportPath" Val="$PPRDIR/../../../../Cpu.srcs/sources_1/new/Display.v"/>
        <Attr Name="ImportTime" Val="1544756893"/>
        <Attr Name="UsedIn" Val="synthesis"/>
        <Attr Name="UsedIn" Val="implementation"/>
        <Attr Name="UsedIn" Val="simulation"/>
      </FileInfo>
    </File>
    <File Path="$PSRCDIR/sources_1/new/100mhz_1hz.v">
      <FileInfo>
        <Attr Name="ImportPath" Val="$PPRDIR/../../../../Cpu.srcs/sources_1/new/100mhz_1hz.v"/>
        <Attr Name="ImportTime" Val="1544702063"/>
        <Attr Name="UsedIn" Val="synthesis"/>
        <Attr Name="UsedIn" Val="implementation"/>
        <Attr Name="UsedIn" Val="simulation"/>
      </FileInfo>
    </File>
    <File Path="$PSRCDIR/sources_1/new/1.v">
      <FileInfo>
        <Attr Name="ImportPath" Val="$PPRDIR/../../../../Cpu.srcs/sources_1/new/1.v"/>
        <Attr Name="ImportTime" Val="1544758738"/>
        <Attr Name="UsedIn" Val="synthesis"/>
        <Attr Name="UsedIn" Val="implementation"/>
        <Attr Name="UsedIn" Val="simulation"/>
      </FileInfo>
    </File>
    <File Path="$PSRCDIR/sources_1/new/CPU_Unity.v">
      <FileInfo>
        <Attr Name="ImportPath" Val="$PPRDIR/../../../../Cpu.srcs/sources_1/new/CPU_Unity.v"/>
        <Attr Name="ImportTime" Val="1544864519"/>
        <Attr Name="UsedIn" Val="synthesis"/>
        <Attr Name="UsedIn" Val="implementation"/>
        <Attr Name="UsedIn" Val="simulation"/>
      </FileInfo>
    </File>
    <Config>
      <Option Name="DesignMode" Val="RTL"/>
      <Option Name="TopModule" Val="CPU_Unity"/>
      <Option Name="TopAutoSet" Val="TRUE"/>
    </Config>
  </FileSet>
  <FileSet Name="constrs_in" Type="Constrs" RelSrcDir="$PSRCDIR/constrs_1">
    <Filter Type="Constrs"/>
    <File Path="$PPRDIR/../../../../Nexys4DDR_Master.xdc">
      <FileInfo>
        <Attr Name="UsedIn" Val="synthesis"/>
        <Attr Name="UsedIn" Val="implementation"/>
      </FileInfo>
    </File>
    <Config>
      <Option Name="ConstrsType" Val="XDC"/>
    </Config>
  </FileSet>
  <Strategy Version="1" Minor="2">
    <StratHandle Name="Vivado Implementation Defaults" Flow="Vivado Implementation 2016"/>
    <Step Id="init_design"/>
    <Step Id="opt_design"/>
    <Step Id="power_opt_design"/>
    <Step Id="place_design"/>
    <Step Id="post_place_power_opt_design"/>
    <Step Id="phys_opt_design"/>
    <Step Id="route_design"/>
    <Step Id="post_route_phys_opt_design"/>
    <Step Id="write_bitstream"/>
  </Strategy>
  <BlockFileSet Type="BlockSrcs" Name="clk_wiz_0"/>
</GenRun>
